publishedAt,title,author,url,urlToImage,description
None,«Стараемся заказывать в Украине. Жители Макеевки рассказали о качестве местных продуктов — Новости Луганска и Луганской области,,http://informator.media/archives/291812,http://informator.media/wp-content/uploads/2018/03/E8Ztk96vDQg.jpg,«Стараемся заказывать в Украине». Жители Макеевки рассказали о качестве местных продуктов

В пабликах, посвященных г. Макеевка (Донецкая область, неподконтрольная Украине территория), жители города делятся информацией о ценах и качестве продуктов питания в местной торговой сети.

«Давайте в этом посте поделимся ценами на продукты. Кто где покупает? Где дешевле? подскажите, посоветуйте!», — говорится в сообщении.

В комментариях жители Макеевки пишут:

«РЫНОК РУЛИТ !!!!!!!!!!!!!!!!!!!!! Там степень охер*вания продавцов еще не достигла своего апофеоза , в отличии от супермаркетов».

«Семерочка».

«База «Атака». Очень крутые цены и недорого».

«Смотря, какие продукты. Овощи и фрукты в супермаркетах дешевле, где и выбрать самому можно, а не гнилья вам накидают».

«В АТБ дешевле ненамного овощи с фруктами но зато гораздо отвратнее качество».

«АТБ в Мариуполе. САМОЕ главное — КАЧЕСТВО продуктов. Все же не россиянское дерьмо».

«В республиканском».

«В Брусничке и в АТБ».

«Семерочка-хороший выбор. Текстиль- вкусное домашнее. Но по возможности заказываем с Украины».

«Овощи в основном в Авоське, выбор есть и часто дешевле чем в АТБ, где овощи редко хорошие».

«Москва банан по 64 р/кг. Сыр от 290 р/кг».

«Мясо на красном, овощи на Менделеевском, хоз. Товары на 15 линии, А так все по пути, без маниакальности».

«В Триумфе. Да, там дорого, но зато все есть и есть выпечка своя, и другие продукты».

«Ростов банан в Ленте по 58руб».

«Обжора: сахар по 30, хлеб по 10, йогурт в стаканчиках по 12. Мясо конечно дорогое…».

«Самые дешевые цены на оптовых базах на Мирном на Макаронке )) много вкусной выпечки по 80-100-120 рублей , в магазинах +40+50% наценка стоит , открылось по городу много разных мясных магазинов где курица продается примерно цена базы +- , слышал за вкусную свинину по 200 рублей на Южном какой то мясной (месяца два три назад) так же на базах есть выбор колбас и другой продукции дешевле в среднем от 20-50% от любого магазина , самое интересное что на базе цены на колбасы примерно чуток дороже уличных цен на Украине или на одном уровне ))) так что удачи вам всем в экономии денег , Да в Донецке может много всего дорогого но есть одно но вы должны вспомнить о цене на коммуналку в Украине и разница которая вроде как дешевле ушла бы туда точно».

«Кто скуплялся в сети супермаркетов семёрочка на зеленом?Отстой.полный. дорого качество овощей и фруктов .отстой гнильё по цене 1сорта.да ещё выдают овощи за привезённые с Украины ,Типа картошка Египет, производства Украины.Лошьё».

Погода Погода в Киеве влажность: давление: ветер:

Related Posts

« «Мы им уже сказали «данке шон»: директор школы в Новоайдаре не позволила детям общаться с представителем международной организации «Станем монстрами — и на Рейкьявик». В Сети отреагировали на затопление шахты «Юнком» на Донетчине »
None,404 Not Found,,http://www.orgdrujba.ru/rozhdyonnyie-v-sssr-2/,,Not Found

The requested URL /rozhdyonnyie-v-sssr-2/ was not found on this server.
None,404 Not Found,,http://www.orgdrujba.ru/rozhdyonnyie-v-sssr/,,Not Found

The requested URL /rozhdyonnyie-v-sssr/ was not found on this server.
None,Сборная Бразилии потребовала 600 кг льда, арбузы и бананы к матчу в Москве  Актуальные новости,,http://actualnews.org/exclusive/228468-sbornaya-brazilii-potrebovala-600-kg-lda-arbuzy-i-banany-k-matchu-v-moskve.html,http://actualnews.org/uploads/posts/2018-03/thumbs/1520258672_futbol.jpg,Copyrights © 2012-2018

Актуальные новости - периодическое издание о событиях в мире.

Копирование материалов сайта запрещено без письменного согласия администрации и преследуется по закону. Редакция не несет ответственности за достоверность информации, а так же за действия, предпринятые на основании этой информации.

Сетевое издание «ActualNews» (Актуальные новости) зарегистрировано в Федеральной службе по надзору в сфере связи, информационных технологий и массовых коммуникаций (Роскомнадзор) 30 сентября 2016 года. Свидетельство о регистрации Эл № ФС77-67090.

Настоящий ресурс может содержать материалы 18+.
None,Бывший посол Америки в РФ напомнил Путину об очередях в СССР,,http://kontrakty.ua/article/114386,http://data.kontrakty.ua/cache/www/450,0/images/stories/USA_Possia_04.02.18.jpg,05.03.2018 2501

Американский дипломат рассказал о своей жизни в советской Москве и очередях за бананами "жесткой туалетной бумагой" и "тощими курами".

Бывший посол США в России Майкл Макфол напомнил российскому президенту Владимиру Путину об огромных очередях в Советском Союзе. Об этом он написал в своем Twitter.

"Может быть, Путин забыл о стоянии в очереди в течение целого часа, чтобы купить банан в Советском Союзе. Я не забыл", - написал Макфол, напомнив также об очередях за "жесткой туалетной бумагой" и "тощими курами".

Отметим, что в микроблоге Макфола развилась цела дискуссия с пользователями о жизни в СССР. На вопрос зачем он стоял в очередях, дипломат ответил, что "был голодный".

Таким образом бывший посол прокомментировал недавнее заявление Путина о том, что он хотел бы предотвратить развал СССР.




None,Профессор Юрий Шаповал: «Жизнь научила Щербицкого молчать и «не высовываться,,http://fakty.ua/258791-professor-yurij-shapoval-zhizn-nauchila-csherbickogo-molchat-i-ne-vysovyvatsya,http://fakty.ua/photos/article/25/87/258791.jpg,История современности

17 февраля исполняется 100 лет со дня рождения известного политика, руководившего советской Украиной более 17 лет.

Первый секретарь ЦК КПУ Владимир Щербицкий более четверти века занимал высшие государственные посты в советской Украине. Он дважды — с 1961 по 1963 год и с 1965 по 1972-й — возглавлял Совет Министров УССР. После того как в 1972 году Петра Шелеста сместили с должности первого секретаря ЦК КПУ, обвинив в национальном «уклонизме», Владимира Щербицкого назначили исправлять «ошибки» предшественника. С чем новый руководитель успешно справился, превратив УССР в оплот консерватизма, русификации и борьбы с инакомыслием.

Советской Украиной Владимир Щербицкий руководил более 17 лет. В сентябре 1989 года он написал заявление об отставке в связи с выходом на пенсию. Через пять месяцев, 16 февраля 1990 года, Щербицкий скоропостижно скончался. Бывший первый секретарь ЦК КПУ, член Политбюро ЦК КПСС не дожил до своего 72-летия всего один день.

Владимир Щербицкий до сих пор воспринимается людьми по-разному. Одни считают его типичным представителем высшего эшелона советской бюрократии эпохи брежневского застоя, беспрекословно выполнявшим волю Кремля и не представлявшим себя вне рамок жесткой тоталитарной коммунистической системы. Другие называют его крепким хозяйственником, яркой, волевой и неординарной личностью, оставившей после себя известную во всем мире республику с мощной экономикой.

Насколько незаурядным политиком был Щербицкий, а также о жизни украинцев в эпоху застойного «развитого социализма» «ФАКТАМ» рассказал доктор исторических наук, профессор Института политических и этнонациональных исследований имени Ивана Кураса НАН Украины Юрий Шаповал.

— Юрий Иванович, как бы вы объяснили феномен Владимира Щербицкого: до него на посту первого секретаря ЦК Компартии 17 лет никто не удерживался — ни в Украине, ни в других союзных республиках. Или вся его уникальность сводилась к умению приспособиться к любым обстоятельствам и подстроиться под кого угодно?

— Владимир Щербицкий имел харизму и производил впечатление монументального, серьезного и спокойного руководителя. Хотя на самом деле он был человеком достаточно эмоциональным, но внешне проявлял это крайне редко.

Щербицкий обращал на себя внимание людей, вызывал доверие, был способным и знающим человеком. Он не напивался и не «расслаблялся», как многие тогдашние партийные работники. По крайней мере, во время общих праздничных застолий Щербицкий никогда не позволял себе больше нескольких рюмок водки. Выпившим его видели только один раз — когда в октябре 1964 года пленум ЦК КПСС отстранил Никиту Хрущева от власти и избрал первым (впоследствии генеральным) секретарем ЦК КПСС Леонида Брежнева.

Иначе говоря, образ Щербицкого был привлекателен, чего не скажешь о его человеческих качествах. Прежде всего речь идет о проведении демонстрации 1 мая 1986 года в Киеве, после аварии на Чернобыльской атомной электростанции. Тогда Щербицкий молча проглотил требование генсека ЦК КПСС Михаила Горбачева вывести людей на улицы. То, что руководитель более 50-миллионной в то время республики не отважился пожертвовать партбилетом в обмен на жизнь и здоровье своих граждан, свидетельствует об очень специфической психологии этого человека, сформированной во время многолетнего пребывания внутри сталинско-брежневской системы.

* Владимир Щербицкий на трибуне 1 мая 1986 года

— Авария на ЧАЭС стала той кризисной ситуацией, в которой проявляются человеческие и деловые качества, — продолжает Юрий Шаповал. — Тогда в Щербицком победил политик, которого жизнь научила молчать и «не высовываться».

Как известно, лидер УССР трепетно относился к голубям и футболу, но главной его страстью была политическая карьера, которую он начал делать еще в школе, активно занявшись комсомольской работой. Стремление к вершинам политического Олимпа было смыслом всей его жизни. Поэтому после отставки с должности первого секретаря ЦК КПУ Щербицкий потерял смысл существования и быстро умер. Он просто не хотел жить. Хотя в версию о самоубийстве бывшего лидера УССР я не верю.



* Праздничная демонстрация на Крещатике 1 мая 1986 года. Прошло пять дней после аварии на Чернобыльской атомной станции

— А правда, что Леонид Брежнев видел своим преемником на посту генерального секретаря ЦК КПСС именно Владимира Щербицкого?

— «Дорогой Леонид Ильич» действительно доверял Щербицкому, ведь они были выходцами из одного днепропетровского «партийного гнезда». Из серьезных подтвержденных источников известно, что Леонид Брежнев предлагал руководителю Украины должность председателя Совета Министров СССР вместо заболевшего, а потом в 1980 году ушедшего в отставку Алексея Косыгина. Но первый секретарь ЦК КПУ от предлагаемого поста уклонился. Он твердо знал, что поле его деятельности — Украина, а в Москве его просто съедят.

Не так давно в России были опубликованы в трех томах дневники и рабочие записки Леонида Брежнева. Эти документы, а также воспоминания главного кремлевского врача Евгения Чазова свидетельствуют о том, что Брежнев объявлял своим преемником не только Щербицкого, но и некоторых других деятелей.



* Леонид Брежнев доверял Щербицкому, ведь они были выходцами из одного днепропетровского «партийного гнезда»

— Бывший помощник Владимира Щербицкого Виталий Врублевский вспоминал, что первый секретарь ЦК КПУ всегда отстаивал интересы Украины в Москве, особенно когда речь заходила об увеличении поставок украинских ресурсов и продуктов в общесоюзный фонд…

— Да, так бывало в конкретных ситуациях, но — в отличие от Шелеста (первый секретарь ЦК КПУ в 1963—1972 гг. — Авт.) — Щербицкий никогда не решался принципиально спорить с «московскими боярами», как он сам их иронично называл. Напротив, в Украине были специальные цехи, производившие продукты только для Кремля. Например, на Львовском пивзаводе варили пиво специально для партийного руководства в Москве. Разливали напиток в красивые бутылки с необычным дизайном.

— Вы говорите, что Щербицкий не решался спорить с «московскими боярами». А как же конфликт Владимира Васильевича с первым секретарем ЦК КПСС Никитой Хрущевым, в результате которого он даже был понижен в должности?

— Принято считать, что Щербицкого сняли с поста председателя Совета Министров УССР и отправили работать первым секретарем Днепропетровского обкома КПУ из-за выступления против разделения Хрущевым органов партии на промышленные и сельские. Виталий Врублевский писал об этом так: «Из-за своего характера и отношения к делу Щербицкий не мог не оказаться в оппозиции. Бездумное увеличение площадей под кукурузу, насаждаемый сверху шаблонный квадратно-гнездовой способ ее выращивания привели вовсе не к росту валовых сборов, а к увеличению поставок зерна в союзный фонд, чему сопротивлялся Владимир Васильевич. Формальным поводом опалы стало то, что он не воспринял разделение партии по «отраслевому» принципу. А в отличие от других — и не молчал. Хрущев отправляет Щербицкого в «ссылку».



* Никита Хрущев и Владимир Щербицкий (второй справа) в Кременчуге, 1962 год

— Впрочем, «сослали» его не в Сибирь, а в Днепропетровск на должность секретаря обкома КПУ, которую он уже занимал с 1955 по 1957 год, — продолжает Юрий Шаповал.— Кстати, мне так и не удалось выяснить, где именно и при каких обстоятельствах «не молчал» Щербицкий. В документах Совмина УССР (который он возглавлял в 1961 — 1963 годах) я не нашел никаких следов о «фронде» Щербицкого. Скорее всего, свое недовольство политикой Хрущева он высказал в частной беседе, о которой и донесли Никите Сергеевичу.

Как бы там ни было, но Щербицкий тяжело реагировал на свой вынужденный переезд из Киева в 1963 году, даже попал в больницу с инфарктом. Он тогда сильно переживал, что его политическая карьера может закончиться.

— Предынфарктное состояние было и у предшественника Щербицкого на посту первого секретаря ЦК КПУ Петра Шелеста, когда его в апреле 1973 года вывели из политбюро ЦК КПСС…

— Политическая карьера Петра Шелеста закончилась в мае 1972 года с переездом из Киева в Москву на должность заместителя председателя Совета Министров СССР. В 1973 году его подвергли критике за попустительство «национализму» в УССР и отправили на пенсию.

Тогда предынфарктное состояние Петра Шелеста диктовалось не опасением за карьеру, а, скорее, его темпераментом. Он, в отличие от Щербицкого, не очень стремился делать политическую карьеру. Шелест никогда не молчал, был настойчивым и требовательным, не пасовал перед самыми высокими авторитетами. Он публично высказывал свою позицию и конфликтовал на политбюро ЦК КПСС, в частности из-за того, что Москва решала многие вопросы, касающиеся Украины, не советуясь с киевским руководством. В свою очередь, Щербицкий чаще предпочитал молчать и был очень осторожным политиком, особенно после конфликта с Хрущевым.

* Щербицкий был едва ли не единственным членом Политбюро, на которого генеральный секретарь ЦК КПСС Михаил Горбачев мог реально положиться во внутриполитических дискуссиях

— Щербицкий не приветствовал «перестройку» и, деликатно выражаясь, не воспринимал нового генсека ЦК КПСС Михаила Горбачева, но при этом ни одного плохого слова не сказал публично ни о Горбачеве, ни о проводимой им новой политике, — рассказывает Юрий Шаповал. — Как ни удивительно, но Щербицкий оказался едва не единственным членом Политбюро ЦК КПСС, на которого генеральный секретарь мог реально положиться во внутриполитических дискуссиях. Горбачев, хотя и немного побаивался этакого монстра брежневской эпохи, но знал, что руководитель УССР не подведет, поскольку его главной мотивацией было сохранение дисциплины и субординации. К тому же за Щербицким, в противоположность многим партийным функционерам того времени, не было шлейфа коррупции, стяжательства, воровства. В условиях гласности это было немалой добродетелью.

— По тем же же причинам Щербицкий удержался на своем посту при генсеке Юрии Андропове, который после прихода к власти в 1982 году поменял 37 первых секретарей обкомов, 18 министров СССР, а также значительное число высшего руководства аппарата ЦК КПСС?

— Малоизвестный факт, но летом 1983 года заведующий отделом организационно-партийной работы ЦК КПСС Егор Лигачев с проверкой посетил обкомы УССР. Владимир Щербицкий забеспокоился и на всякий случай направил Лигачеву в Москву продуктовые наборы (как это делалось не один раз ранее). Но тот приказал вернуть подарки в Киеве, приложив письмо с просьбой на будущее избавить его от такой «заботы».

Когда Лигачев докладывал в Кремле о состоянии дел в Украине, не забыл вспомнить и о киевских подарках. Возможно, Андропов и хотел поменять руководство УССР, но не успел, поскольку серьезно заболел и умер в 1984 году. Но мне кажется, что «генсек с Лубянки», будучи человеком стратегического мышления, прекрасно понимал (как впоследствии и Горбачев), что без Украины не будет СССР. И пока Щербицкий остается при власти в Киеве, всесоюзная житница и кормилица не выйдет из-под влияния Москвы.

Бывший председатель КГБ (а впоследствии замглавы Совета Министров УССР) Владимир Семичастный в своих воспоминаниях так характеризует Щербицкого: «Это служака и холуй, верой и правдой служивший Брежневу. Его преданность доходила до того, что он не возражал ни на одно, даже глупое, предложение Брежнева. Именно за эту преданность Щербицкий дважды получил звание Героя Социалистического Труда».

— Но в тоже время именно Щербицкий в апреле 1979 года настоял на освобождении от должности секретаря по идеологии ЦК КПУ Валентина Маланчука, которого писатель Олесь Гончар назвал «патологическим ненавистником украинской культуры»…

— Была такая поговорка: «Когда в Москве стригут ногти — в Киеве режут пальцы». В 1972 году Маланчук настолько рьяно начал бороться с «националистическими проявлениями» в УССР, что многие мои коллеги ездили защищать диссертации в Москву. Там это проходило без всяких проблем. У Щербицкого с Шелестом был персональный конфликт. Петр Ефимович уступал Владимиру Васильевичу в эрудиции, но он знал историю Украины, дорожил ею и уважал традиции. В то время как для Щербицкого это не имело никакого значения.

И в своем стремлении исправить «ошибки» предшественника Владимир Васильевич использовал Маланчука на 100 процентов. В Украине началось активное подавление диссидентов и творческой интеллигенции. На письма Васыля Стуса, Олеся Бердника, Михайлины Коцюбинской, выступавших в поддержку узников совести, Щербицкий просто не отвечал, зная, что такая же участь ожидает и их. И не нужно питать иллюзии, что первый секретарь ЦК КПУ не знал, что творит КГБ. Все акции кагэбистов согласовывались с Центральным комитетом.

Когда Маланчук решил, что может занять должность первого секретаря ЦК КПУ и с этой целью собирался под псевдонимом опубликовать в Москве книгу о том, что в УССР при попустительстве Щербицкого недостаточно борются с национализмом, Владимир Васильевич отреагировал в самой беспощадной манере. Он ударил по Маланчуку, как по гвоздю, забив по самую шляпку.

Щербицкий, заручившись поддержкой Брежнева, в 1979 году неожиданно поставил на пленуме ЦК КПУ вопрос о товарище Маланчуке, который, по его словам «не справился с задачами, не нашел контакт с интеллигенцией, поэтому есть предложение его снять».

При этом сместили секретаря по идеологии без обычной для того времени формулировки «вопрос о трудоустройстве решить дополнительно». Иначе говоря, Маланчука просто выкинули на улицу. Ныне покойный ректор Киевского политехнического института Григорий Денисенко с трудом устроил Маланчука заведующим кафедрой истории партии. На этой должности он крепко запил.

Как-то один из преподавателей института во время пьянки в шутку предложил Маланчуку «пойти к нам в американскую разведку». Бывший секретарь по идеологии ЦК КПУ бросился звонить председателю КГБ УССР Виталию Федорчуку, заявляя о попытке его вербовки сотрудниками ЦРУ. В конце концов Маланчук спился окончательно и ушел в 1984 году в причитающуюся ему неизвестность.

— А насколько популярным Щербицкий был в народе?

— Это сейчас бывшие партийные работники, которые питались в спецраспределителях и наблюдали за жизнью людей из окон своих автомобилей, рассказывают о всенародной любви к Щербицкому. На самом деле украинцы воспринимали его как данность. Я хорошо помню, как в 1970-е годы партийная верхушка однажды возлагала цветы к памятнику Ленина, и Щербицкий в импортном плаще, дорогих туфлях, возвращаясь в автомобиль, вальяжно помахал рукой людям, которые начали возмущаться и даже свистеть. Я был при этом. Вокруг дефицит, очереди, блат, невозможность купить элементарные товары, словом, реальная жизнь, а он из себя лидера нации пытался изображать.



* Щербицкий и Горбачев. Киев, 1989 год

— Юрий Иванович, люди, работавшие с Владимиром Щербицким, да и рядовые коммунисты рассказывают, что республика при его руководстве достигла впечатляющих успехов в развитии экономики и повышении уровня жизни граждан. Каково было истинное положение дел в УССР в 1970-х и 1980-х годах?

— По сравнению с другими советскими республиками, Украина в социально-экономическом отношении действительно выглядела выигрышно. Однако зарегулированная до невозможности экономика стала практически невосприимчивой для новых достижений науки и техники. Более того, здесь, как и во всей стране, экономика оказалась изуродованной, поскольку 70 процентов было нацелено на оборонную промышленность, то есть на войну со всем миром. В Украине производили ракеты-носители для космических кораблей и прочее, а вот сделать нормальную обувь почему-то не могли.

Обеспечение элементарных потребностей человека в СССР всегда находилось на последнем месте. Я хорошо помню времена Щербицкого, когда главная тема бытовых разговоров украинцев — где, что и когда «выбросили» или «дают».

— То есть в каком магазине появился в продаже дефицитный товар?

— Тогда в дефиците было практически все. Из продажи пропадали даже овощи. К слову, ужасный запах киевских овощных магазинов я никогда не забуду. Помню выступление первого секретаря Киевского горкома Компартии на каком-то собрании: «Товарищи, в столице ощущается недостаток картофеля, но это компенсируется достаточным количеством свеклы и капусты». Логика партийных вождей по отношению к обычным людям была простой: если картошки нет, ешьте свеклу и капусту. Таких же принципов придерживался и Владимир Щербицкий.



* Юрий Шаповал: «До тех пор, пока мы будем продолжать считать героями той эпохи не Васыля Стуса, Валерия Марченко, Михайлину Коцюбинскую, Вячеслава Чорновола, Петра Григоренко (список можно продолжить), а первого секретаря ЦК КПУ, в Украине ничего не изменится». Фото Сергея ТУШИНСКОГО, «ФАКТЫ»

— Помню, как жена ходила с ребенком в гастроном «Первомайский» на площади Космонавтов, — продолжает Юрий Шаповал. — Выстраивается очередь за яйцами, которых, по мере продажи, становится все меньше. У людей начинается паника, все кричат: «Больше десятка в одни руки не давать!» И жена уточняет, что она с ребенком, а значит положено два десятка яиц.

Однажды в новогодний вечер мне позвонила тогдашняя наша соседка Рита Семеновна с потрясающей новостью, что в гастрономе «дают сухую колбасу», то есть копченую колбасу. И я бежал со всех ног в магазин покупать «краковскую». Апельсины с бананами простые киевляне, как правило, привозили из Москвы. Специально ездили в столицу СССР и за приличными детскими игрушками. Нормальных продуктов и вещей в Киеве в свободной продаже часто не было и купить их можно было только по блату, то есть по знакомству.

— Или в спецраспределителях…

— На четвертый этаж киевского ЦУМа можно было попасть только по пропуску. Там продавали одежду для партноменклатуры. Когда Леонид Брежнев начал дружить с финским правительством, все вожди вдруг стали поголовно щеголять в финских плащах и костюмах. Впрочем, с барского плеча перепадало и обычным гражданам. Правда, без казусов не обошлось. Однажды в СССР завезли для продажи красивые и дешевые финские костюмы. Да вот беда, импортные пиджаки с брюками почему-то очень скоро стали расползаться. Оказалось, что эти костюмы фины шили для… покойников и советские деятели закупили их по ошибке.

И до тех пор, пока мы будем продолжать считать героями той эпохи не Васыля Стуса, не Валерия Марченко, не Михайлину Коцюбинскую, не Вячеслава Чорновола, не Петра Григоренко (список можно продолжить), а первого секретаря ЦК КПУ, в Украине ничего не изменится. Разумеется, никто не должен мешать, несмотря на декоммунизацию, писать о советских вождях и их времени, в том числе и о Владимире Щербицком.
None,Солнечный плод: насколько опасна «банановая радиация,Ntv Ru,http://www.ntv.ru/novosti/1975581/,http://img2.ntv.ru/home/news/20180127/EZM_banan_v_snvo.jpg,
None,Первая лига. Сюжеты Кубка России, которые вы пропустили,,http://sport.business-gazeta.ru/article/200583,http://img-cdn2.business-gazeta.ru/art/65/0eb0_200583.jpg,Первая лига. Сюжеты Кубка России, которые вы пропустили

Возвращение Сослана Джанаева, проигрыш «Уфы» худшей команде ФНЛ и средний палец Александра Григоряна фанатам «СКА Хабаровск» – Павел Пучков подбирает главные истории 1/16 Кубка России.





Эдер. Фото: официальный сайт «Локомотива»





ДЖАНАЕВ ДЕБЮТИРОВАЛ ЗА «РУБИН»

Сослан Джанаев переехал в Казань ещё летом, но за первую команду смог сыграть лишь в середине сентября из-за затянувшегося восстановления от травмы плеча. Свой дебютный матч за «Рубин» голкипер отстоял на ноль и даже сделал несколько отличных сэйвов после опасных ударов игроков «Оренбурга». Во втором тайме Джанаева возненавидел весь стадион в Оренбурге за попытки тянуть время: он долго пил воду, долго выбирал, куда выбить мяч, несколько раз даже обратился за медицинской помощью. В одном из эпизодов голкипер вообще сыграл руками за пределами штрафной, но судья то ли решил, что все это в рамках ввода мяча в игру, то ли не увидел настоящего местоположения голкипера. После этого эпизода за здоровье Джанаева можно было беспокоиться вновь – со скамейки «Оренбурга» каждый был готов выскочить на поле и разобраться. После матча, к счастью, эмоции утихли и остался факт – на вратарской позиции в «Рубине» теперь начнется невероятная конкуренция.

«СПАРТАК» ВЕРНУЛСЯ (НЕТ)

Интересно и страшно болеть за московский «Спартак». Еще на выходных приходилось пить корвалол после упущенной победы над «Тосно», искать виноватых в команде, тренерском штабе или руководстве. Читать бесчисленные интервью и инсайды, строить теории заговоров. Но уже во вторник красно-белые без шансов укатали «Кубань», а Квинси Промес очередной гол отметил с Массимо Каррерой – и вот уже «Спартак» вернулся. Сегодня до вечера наверняка объявят о продлении контракта с Денисом Глушаковым. В выходные есть все шансы набрать 3 очка в домашней игре против «Анжи». Слоган «Вернулись править» вновь набирает актуальность – минимум до следующего вторника. Там игра с «Ливерпулем», всякое возможно. Факт в другом – у «Спартака» и «Рубина» осталось по одном серьезному сопернику в своей половине сетки Кубка России. Это «Рубин» и «Спартак». Если обойдется без глупостей, то клубы встретятся в четвертьфинале турнира. И победитель этой пары тут же станет фаворитом финала, где ему в худшем случае играть с «Ростовом».





Сетка ОЛИМП #КубокРоссии по футболу 2017/18 pic.twitter.com/ldWlppjTgT

— РФПЛ (@rfpl) September 21, 2017





МОЛОДЕЖЬ ЦСКА ПРОИГРАЛА В КУРСКЕ

Исключая «Спартак», ни один клуб РФПЛ не выставил на матчи Кубка на 100% основной состав. Тренеры либо устраивали серьезную ротацию, либо выставляли фактически молодежную команду. ЦСКА привёз в Курск на игру с «Авангардом» 15 человек, среди которых двое – вратари. Из регулярно выходящих в основе был только Виктор Васин, а в дополнительное время вышел Александр Головин. Шанс показать себя на фоне команды ФНЛ получали Кирилл Набабкин, Бибрас Натхо, Георги Миланов и Аарон Оланаре. Дальше – исключительно молодежь разной степени узнаваемости. Всё это не помешало «Авангарду» собрать полный стадион (11 тыс), а ЦСКА – не проиграть в основное время. Виктора Гончаренко после игры, кажется, расстроило только то, что пришлось задержаться в Курске дольше запланированного – из-за овертайма нарушился график команды на остаток суток. Поражение и вылет из Кубка тренер гостей принял спокойно, честно признавшись, что чем-то надо было жертвовать. Учитывая, что после «Авангарда» у ЦСКА в календаре московское «Динамо» и «Манчестер Юнайтед», выбор очевиден. Зато армейцы посмотрели новых игроков на уровне рубки за результат с дядьками из ФНЛ.

ДМИТРИЙ АЛЕНИЧЕВ СОБРАЛ НОВЫЙ БАГАЖ

Экс-тренер «Спартака» невероятно успешно работает в крепком «Енисее» и наверняка выйдет с ним в РФПЛ ближайшей весной. Свою готовность уничтожать соперников по высшей лиге красноярцы показали на примере «Ахмата». Грозненский клуб в выходные играл в Хабаровске матч чемпионата, поэтому на Кубок вышел частично основным составом. Но и «Енисей» тоже силы экономил – у него в ближайшем туре ФНЛ важнейший матч против «Крыльев Советов». Гости демонстрировали класс первые полчаса, пока Никита Чичерин не шарахнул издали точно под штангу. Дальше начались стеночки, забегания и кружевные комбинации. Не хватало только дождя для настоящего спартаковского духа, но это невозможно – «Енисей» играет в манеже. Никакой иронии – замечательно, что Дмитрий Аленичев после болезненной отставки из «Спартака» не сдался, не уселся ждать приглашения от нулевого по амбициям клуба РФПЛ. А пришел в ФНЛ и успешно решает задачи. Кстати, «Енисей» тоже в правой половине сетки Кубка России и может сыграть со «Спартаком» в полуфинале.





GIF-ГОЛ! @FCEnisey



1/16 финала Олимп #КубокРоссии по футболу сезона 2017/18 #ЕнисейАхмат 3:0 70' Алексей Исаев pic.twitter.com/scY0BkWveN

— РФПЛ (@rfpl) September 21, 2017





СЕМИН БЕЗ КУБКА

Победа в Кубке России прошлого сезона стала определяющим фактором для решения совета директоров «Локомотива» в определении будущего главного тренера. Теперь попасть в Европу через Кубок не выйдет – по итогам утомительных 120 минут «Локо» проиграл «Крыльям Советов». В этом матче было много удивительного: от Бориса Ротенберга в старте гостей до двух шальных голов самарцев. Но главный вопрос: зачем? Зачем «Локомотив» перед поездкой в Ростов-на-Дону вышел играть Кубок наполовину основой, при этом не используя игроков молодежной команды? Теперь и физическая форма отдельных футболистов под вопросом, и настроение. При этом надо помнить, что в нынешнем сезоне совет директоров у «Локомотива» собирается для промежуточных итогов раз в три месяца. И тренерская отставка еще до конца октября вполне вероятна.





GIF-ГОЛ! @fckssamara



1/16 финала Олимп #КубокРоссии по футболу сезона 2017/18 #КрыльяЛоко 2:1 84' Неманья Пейчинович (автогол) pic.twitter.com/o6A9qWHHxq

— РФПЛ (@rfpl) September 21, 2017





Аналогичная история у «Динамо». Там больше драмы, потому что бело-голубые проиграли вообще клубу ПФЛ, пусть и по пенальти. В Нальчик против «Спартака» приехали играть многие футболисты основы – им будет особенно тяжело в субботу против ЦСКА. Зато даже в заявку не попал Павел Погребняк. Возможно, из-за травмы Кирилла Панченко готовится его триумфальное возвращение – пока у форварда 0 минут в этом сезоне РФПЛ.

«УФА» ПРОИГРАЛА ХУДШЕЙ КОМАНДЕ ФНЛ

Возможно, самое стыдное поражение матчей Кубка России случилось с «Уфой». Даже проигрыш «Динамо» не такой нелепый – они все-таки играли с командой, которая лидер ПФЛ, а с настроением всё в порядке. Опять же в Нальчике болельщики горячие. А «Уфа» проиграла худшей команде ФНЛ. «Олимпиец» последний раз в регулярном чемпионате побеждал месяц назад. У клуба главная и единственная звезда – главный тренер Николай Писарев. Окей, «Уфа» тоже приехала играть непонятным составом. Но от поражения в основное время удалось героически спастись в самом конце. И за полчаса овертайма ничего не сделать. А потом проиграть по пенальти, пропустив решающий гол от чужого вратаря. Великий матч.

&amp;amp;amp;amp;amp;amp;amp;amp;amp;amp;amp;amp;amp;amp;amp;amp;amp;amp;amp;amp;lt;span id="selection-marker-1" class="redactor-selection-marker"&amp;amp;amp;amp;amp;amp;amp;amp;amp;amp;amp;amp;amp;amp;amp;amp;amp;amp;amp;amp;gt;&amp;amp;amp;amp;amp;amp;amp;amp;amp;amp;amp;amp;amp;amp;amp;amp;amp;amp;amp;amp;lt;/span&amp;amp;amp;amp;amp;amp;amp;amp;amp;amp;amp;amp;amp;amp;amp;amp;amp;amp;amp;amp;gt;

СРЕДНИЙ ПАЛЕЦ ГРИГОРЯНА

«Мне нечего доказывать СКА – пусть они мне что-то доказывают», – Александр Григорян пользуется каждой возможностью добавить эпатажа в свой образ. Игра московского «Арарата» против хабаровчан из-за главного тренера хозяев приобрела немного принципиальный статус. Болельщики гостей, долетевшие до Москвы, по ходу игры вдруг спели легендарную «банану-маму», вставив в неё оскорбление Григоряна. А тот не постеснялся показать трибунам средний палец. Наверняка показал бы и во второй раз, но «Арарат», ведя в счете, пропустил два гола и вылетел из розыгрыша Кубка. Пришлось отыгрываться на пресс-конференции:

«Только конченая свинья способна на такое в отношении успешнейшего тренера в истории клуба. Не исключаю, что с фанатами СКА кто-то поработал в этом направлении. Кто это может быть? Не знаю, я же не Коломбо», – жёг и обличал Григорян. Скорее бы уже он вывел «Арарат» в РФПЛ.





На этот раз сдержался) pic.twitter.com/sQniYwQt8k

— Филипп Папенков (@PippoGranato) September 21, 2017





В РОССИИ ЕСТЬ ЛЕНИНГРАДСКОЕ ДЕРБИ

И это действительно новость. Когда жеребьевка Кубка только состоялась, все заподозрили неладное: «Зениту» достался соперник из Санкт-Петербурга и выездным матч получался только формально. А потом встречу перенесли на новый стадион «Санкт-Петербург», и даже как-то формальный статус отпал. Впрочем, маркетологи «Зенита» сделали всё, чтобы собрать максимальное количество болельщиков: от ретро-дизайна билетов до лекции великого Геннадия Орлова перед матчем. В итоге по официальным данным на трибуны пришло 37 тыс человек. Возможно, из них 36 тыс впервые узнали о существовании в городе клуба «Динамо». Тем лучше для них: к перерыву динамовцы выигрывали 2:0, а «Зенит» (который по составу был скорее «Ростов»-2016) играл в меньшинстве. Во втором тайме бело-голубые сами испугались своей смелости и позволили сопернику отыграться. Но уже в овертайме забили третий и победный гол. И это с трибун видели 37 тыс человек. Если хотя бы треть из них придет на ближайшую домашнюю игру «Динамо» – всё не зря. При этом в ФНЛ бело-голубые идут на третьем месте. До настоящего ленинградского дерби (сори, «Тосно») осталось 24 матча.





GIF- @dynamo_spb



1/16 финала Олимп #КубокРоссии по 2017/18 #ЛенинградскоеДерби #ДинамоЗенит 3:2 112' Артём Кулишев (пенальти) pic.twitter.com/ph5oZoA2IY

— РФПЛ (@rfpl) September 21, 2017
None,как приучить Москву к экзотическому напитку,,http://www.rbc.ru/own_business/18/09/2017/59ba99b29a79478ef79ebd32,https://s0.rbk.ru/v6_top_pics/media/img/1/50/755057505013501.jpg,
2017-08-16 11:28:36,Центральная профсоюзная газета "Солидарность",,http://solidarnost.org/articles/editorials/ilya-smirnov/Kompradorskaya_byurokratiya.html,http://www.solidarnost.org/netcat_files/u/Il_ya_1.jpg,В слове “компрадор” слышится что-то неприятное, похоже на “компрачикос”, но изначально это всего лишь “покупатель”; в эпоху колониализма так называли аборигенов - домоправителей в услужении у белых господ, потом туземных купцов - посредников между иностранным капиталом и местным рынком. В политэкономии появилось устойчивое словосочетание: компрадорская буржуазия. Люди, которые представляют на своей родной земле интересы, вкусы и даже капризы заокеанских хозяев.

Но это предания южных морей (и старины глубокой). А у нас, вроде, не колония, вполне суверенная держава. На календаре лето 2017 года. В “Российской газете” - интервью с главным архитектором Москвы Сергеем Кузнецовым. Ваши предположения: о чем оно? Наверное, там должно присутствовать хоть несколько слов о том, что такое Москва,

“…как много в этом звуке

Для сердца русского слилось!

Как много в нем отозвалось!” -

и как в архитектуре столицы отражается прошлое и настоящее страны, ее неповторимое культурно-историческое своеобразие.

Нет, неправда ваша. Все это совершенно не интересно ни главному архитектору, ни журналистке правительственной газеты. Ничто не указывает на Москву как на город с собственным лицом, который известен всему миру как столица именно России (а не Гондураса). В эту сторону брошена одна презрительная фраза про “периоды затворничества, на мой взгляд, совершенно неконструктивного для города”.

Еще у нас 2017 год указом президента объявлен Годом экологии. Градостроителей тоже касается. Если не по существу, то ради приличия - проявить какое-то уважение к главе государства - можно было бы сказать о городской зелени. Заверить президента и сограждан, что ее станет больше, воздух, соответственно, чище, а онкологическая заболеваемость ниже.

Тоже “пас”? Нет, еще забавнее. Нас пугают авторитаризмом, путинской диктатурой. Напрасно. Чиновник не самого высокого ранга демонстрирует смелость и самостоятельность в вольном парении мысли, не стесненной президентскими указами. Экологический подход для него - признак “архаики”, то есть отсталости. Дословно: “...архаичные представления о том, что главный признак комфортного города - это много свободного места и зелени”. Дальше нам рассказывают про иностранные города, в которых и зелени мало, и застройка в разы плотнее, и старинная архитектура уничтожена подчистую: в Токио, по свидетельству нашего урбаниста, “осталось лишь несколько домов, чтобы показать детям и внукам, каким город был раньше”. Вот он, пример для подражания!

Дальше следите за руками маэстро. Этажность и плотность жилой застройки он хочет увеличить, причем резко. Но бояться перенаселения нет оснований, это-де “страшилки”, “вымыслы”, “жилье в Москве слишком дорогое, чтобы желание купить его стало мотивом переезда в столицу”. Попробуйте совместить первое и второе утверждения. Кому предназначены миллионы новых “квадратов”? Если на продажу, то как может не вырасти население? А если некому покупать, то зачем строить? Жене своей подарить на 8 Марта?

Проиллюстрирована нетрадиционная арифметика (и логика) фотографией лондонского небоскреба, известного в народе как “огурец”. Вот она, та самая “гуманная застройка”, которая нас ожидает.

Кузнецов не один такой смелый в борьбе с русской “архаикой”. Знакомьтесь: руководитель Мосгорпарка Вячеслав Дунаев. Что такое парк в его руководящем представлении? Это - загибаем пальцы - “резиновые покрытия”, “парковочные пространства”, “вкусно есть”, “уровень и качество услуг”, еще “фудкорты” какие-то. А как же главный признак, которым определяется понятие “парк”? Ведь питаться и покрываться резиной можно в других местах.

Вспомнили? Тогда подскажите специалисту из Мосгорпарка, чем он руководит.

Автор этих строк не склонен к квасному патриотизму. Есть чему поучиться у чужих городов. Но в данном случае предлагается отбросить именно то, что составляет наше бесспорное историческое преимущество; по свидетельству профессора С.Б. Ткаченко, бывшего директора НИиПИ Генплана Москвы, “до 2010 года Москва считалась самым озелененным мегаполисом мира. Потом поменялся к этому подход” (выделено мной. - И.С.).

И теперь мы должны вести себя как те островитяне, которые отдавали сокровища за стеклянные бусы. В то время, когда уже и на самом Западе умные люди в интересах собственного здоровья отказываются от бетонно-плиточной урбантины, и в Нью-Йорке разворачивается программа обустройства “зеленых островков” и “восстановления леса”.

Озеленения, а не уплотнения. Леса, а не “фудкортов”.

Вернемся к главному архитектору. Вторая половина беседы с его высокоэтажным превосходительством - это в основном перечисление иностранных фирм и отдельных господ, которые займутся подгонкой столицы РФ под глобально-обезличенный стандарт.

Раньше им не позволяли украсить Москву “многофункциональным центром “Апельсин” и прочими огурцами-бананами, а теперь милости просим. Благодетели как на подбор - из тех самых стран, которые душат Россию санкциями.

Может, мы чего-то недопонимаем? Может, пора переводить налоги и коммунальные платежи прямо в Лондон и Париж, минуя лишних посредников?

Назад в раздел: Илья Смирнов
2017-08-16 11:28:36,Центральная профсоюзная газета "Солидарность",,http://www.solidarnost.org/articles/editorials/ilya-smirnov/Kompradorskaya_byurokratiya.html,http://www.solidarnost.org/netcat_files/u/Il_ya_1.jpg,В слове “компрадор” слышится что-то неприятное, похоже на “компрачикос”, но изначально это всего лишь “покупатель”; в эпоху колониализма так называли аборигенов - домоправителей в услужении у белых господ, потом туземных купцов - посредников между иностранным капиталом и местным рынком. В политэкономии появилось устойчивое словосочетание: компрадорская буржуазия. Люди, которые представляют на своей родной земле интересы, вкусы и даже капризы заокеанских хозяев.

Но это предания южных морей (и старины глубокой). А у нас, вроде, не колония, вполне суверенная держава. На календаре лето 2017 года. В “Российской газете” - интервью с главным архитектором Москвы Сергеем Кузнецовым. Ваши предположения: о чем оно? Наверное, там должно присутствовать хоть несколько слов о том, что такое Москва,

“…как много в этом звуке

Для сердца русского слилось!

Как много в нем отозвалось!” -

и как в архитектуре столицы отражается прошлое и настоящее страны, ее неповторимое культурно-историческое своеобразие.

Нет, неправда ваша. Все это совершенно не интересно ни главному архитектору, ни журналистке правительственной газеты. Ничто не указывает на Москву как на город с собственным лицом, который известен всему миру как столица именно России (а не Гондураса). В эту сторону брошена одна презрительная фраза про “периоды затворничества, на мой взгляд, совершенно неконструктивного для города”.

Еще у нас 2017 год указом президента объявлен Годом экологии. Градостроителей тоже касается. Если не по существу, то ради приличия - проявить какое-то уважение к главе государства - можно было бы сказать о городской зелени. Заверить президента и сограждан, что ее станет больше, воздух, соответственно, чище, а онкологическая заболеваемость ниже.

Тоже “пас”? Нет, еще забавнее. Нас пугают авторитаризмом, путинской диктатурой. Напрасно. Чиновник не самого высокого ранга демонстрирует смелость и самостоятельность в вольном парении мысли, не стесненной президентскими указами. Экологический подход для него - признак “архаики”, то есть отсталости. Дословно: “...архаичные представления о том, что главный признак комфортного города - это много свободного места и зелени”. Дальше нам рассказывают про иностранные города, в которых и зелени мало, и застройка в разы плотнее, и старинная архитектура уничтожена подчистую: в Токио, по свидетельству нашего урбаниста, “осталось лишь несколько домов, чтобы показать детям и внукам, каким город был раньше”. Вот он, пример для подражания!

Дальше следите за руками маэстро. Этажность и плотность жилой застройки он хочет увеличить, причем резко. Но бояться перенаселения нет оснований, это-де “страшилки”, “вымыслы”, “жилье в Москве слишком дорогое, чтобы желание купить его стало мотивом переезда в столицу”. Попробуйте совместить первое и второе утверждения. Кому предназначены миллионы новых “квадратов”? Если на продажу, то как может не вырасти население? А если некому покупать, то зачем строить? Жене своей подарить на 8 Марта?

Проиллюстрирована нетрадиционная арифметика (и логика) фотографией лондонского небоскреба, известного в народе как “огурец”. Вот она, та самая “гуманная застройка”, которая нас ожидает.

Кузнецов не один такой смелый в борьбе с русской “архаикой”. Знакомьтесь: руководитель Мосгорпарка Вячеслав Дунаев. Что такое парк в его руководящем представлении? Это - загибаем пальцы - “резиновые покрытия”, “парковочные пространства”, “вкусно есть”, “уровень и качество услуг”, еще “фудкорты” какие-то. А как же главный признак, которым определяется понятие “парк”? Ведь питаться и покрываться резиной можно в других местах.

Вспомнили? Тогда подскажите специалисту из Мосгорпарка, чем он руководит.

Автор этих строк не склонен к квасному патриотизму. Есть чему поучиться у чужих городов. Но в данном случае предлагается отбросить именно то, что составляет наше бесспорное историческое преимущество; по свидетельству профессора С.Б. Ткаченко, бывшего директора НИиПИ Генплана Москвы, “до 2010 года Москва считалась самым озелененным мегаполисом мира. Потом поменялся к этому подход” (выделено мной. - И.С.).

И теперь мы должны вести себя как те островитяне, которые отдавали сокровища за стеклянные бусы. В то время, когда уже и на самом Западе умные люди в интересах собственного здоровья отказываются от бетонно-плиточной урбантины, и в Нью-Йорке разворачивается программа обустройства “зеленых островков” и “восстановления леса”.

Озеленения, а не уплотнения. Леса, а не “фудкортов”.

Вернемся к главному архитектору. Вторая половина беседы с его высокоэтажным превосходительством - это в основном перечисление иностранных фирм и отдельных господ, которые займутся подгонкой столицы РФ под глобально-обезличенный стандарт.

Раньше им не позволяли украсить Москву “многофункциональным центром “Апельсин” и прочими огурцами-бананами, а теперь милости просим. Благодетели как на подбор - из тех самых стран, которые душат Россию санкциями.

Может, мы чего-то недопонимаем? Может, пора переводить налоги и коммунальные платежи прямо в Лондон и Париж, минуя лишних посредников?

Назад в раздел: Илья Смирнов
